title,like,comment,save,share,comment_extracted
量化策略入门指南,150,25,80,8,"请问有没有更详细的回测方法？这个策略的夏普率如何？能否分享下代码实现？"
Python数据分析实战,300,45,150,15,"内容很实用！请问pandas有哪些高级技巧？希望能出一期数据清洗的教程。"
机器学习算法详解,500,80,250,25,"讲得很清楚！能否详细说说梯度下降的原理？期待更多机器学习内容。"
金融数据可视化,200,35,100,12,"图表做得很漂亮，用的什么工具？能否分享下matplotlib的进阶用法？"
投资组合优化方法,400,60,200,20,"这个优化算法很有意思，有实盘验证吗？风控方面是怎么考虑的？"
量化交易策略实战分析,600,50,300,15,"内容很实用！请问有没有更多的案例分析？能否分享下代码实现？"
C++高频交易核心技术,450,80,1200,50,"这就去把我的锁都拆了！博主能不能细讲一下CAS原理？这代码在多核下跑过吗？有点没看懂ABA问题怎么解决的。"
小红书运营策略分享,100,15,30,3,"内容比较基础，希望能有更深入的分析。有没有具体的数据支撑？"
量化投资入门教程,250,40,120,10,"很适合新手学习！请问有推荐的量化平台吗？"
深度学习在金融中的应用,350,65,180,18,"前沿内容！能否详细介绍下LSTM在股价预测中的应用？"
区块链技术原理解析,280,55,140,16,"技术讲解很透彻，对智能合约部分特别感兴趣。"
我爱我家装修攻略,999,999,1999,199,"太实用了！收藏了！请问预算大概需要多少？有没有装修公司推荐？"